{"cameraMode":{"drawMode":0,"name":"Shaded","section":"Shading Mode"},"sceneLighting":true,"audioPlay":false,"sceneViewState":{"m_AlwaysRefresh":false,"showFog":true,"showSkybox":true,"showFlares":true,"showImageEffects":true,"showParticleSystems":true,"showVisualEffectGraphs":true,"m_FxEnabled":true},"in2DMode":false,"pivot":{"x":-0.49610114097595217,"y":-0.13761520385742188,"z":-0.27385807037353518},"rotation":{"x":-0.33892226219177248,"y":0.13954971730709077,"z":-0.05091535672545433,"w":-0.929032564163208},"size":10.384061813354493,"orthographic":false}