{"cameraMode":{"drawMode":0,"name":"Shaded","section":"Shading Mode"},"sceneLighting":true,"audioPlay":false,"sceneViewState":{"m_AlwaysRefresh":false,"showFog":true,"showSkybox":true,"showFlares":true,"showImageEffects":true,"showParticleSystems":true,"showVisualEffectGraphs":true,"m_FxEnabled":true},"in2DMode":false,"pivot":{"x":4.2922139167785648,"y":1.3799999952316285,"z":5.7942891120910648},"rotation":{"x":-0.09198768436908722,"y":0.9070274829864502,"z":-0.26752158999443056,"w":-0.3118966221809387},"size":13.184965133666993,"orthographic":true}