{"cameraMode":{"drawMode":0,"name":"Shaded","section":"Shading Mode"},"sceneLighting":false,"audioPlay":false,"sceneViewState":{"m_AlwaysRefresh":false,"showFog":true,"showSkybox":false,"showFlares":true,"showImageEffects":true,"showParticleSystems":true,"showVisualEffectGraphs":true,"m_FxEnabled":true},"in2DMode":false,"pivot":{"x":-0.4099999964237213,"y":2.200000047683716,"z":0.8399999737739563},"rotation":{"x":0.21754765510559083,"y":0.008780140429735184,"z":-0.0019565012771636249,"w":0.9760109186172485},"size":0.5590171217918396,"orthographic":false}